[
    {"time":15,"loop":15,"commands":[{"id":1,"method":"algorithm.print.speeds","params":[]}]},
    {"event":"on_quit","commands":[
        {"id":1,"method":"device.set.tdp","params":["0","100"]},
        {"id":1,"method":"device.set.core_delta","params":["0","0"]},
        {"id":1,"method":"device.set.memory_delta","params":["0","0"]},

        {"id":1,"method":"device.set.tdp","params":["1","100"]},
        {"id":1,"method":"device.set.core_delta","params":["1","0"]},
        {"id":1,"method":"device.set.memory_delta","params":["1","0"]},

        {"id":1,"method":"device.set.tdp","params":["2","100"]},
        {"id":1,"method":"device.set.core_delta","params":["2","0"]},
        {"id":1,"method":"device.set.memory_delta","params":["2","0"]},

        {"id":1,"method":"device.set.tdp","params":["3","100"]},
        {"id":1,"method":"device.set.core_delta","params":["3","0"]},
        {"id":1,"method":"device.set.memory_delta","params":["3","0"]},

        {"id":1,"method":"device.set.tdp","params":["4","100"]},
        {"id":1,"method":"device.set.core_delta","params":["4","0"]},
        {"id":1,"method":"device.set.memory_delta","params":["4","0"]},

        {"id":1,"method":"device.set.tdp","params":["5","100"]},
        {"id":1,"method":"device.set.core_delta","params":["5","0"]},
        {"id":1,"method":"device.set.memory_delta","params":["5","0"]},

        {"id":1,"method":"device.set.tdp","params":["6","100"]},
        {"id":1,"method":"device.set.core_delta","params":["6","0"]},
        {"id":1,"method":"device.set.memory_delta","params":["6","0"]},

        {"id":1,"method":"device.set.tdp","params":["7","100"]},
        {"id":1,"method":"device.set.core_delta","params": ["7","0"]},
        {"id":1,"method":"device.set.memory_delta","params":["7","0"]}
    ]}
]